Player,Cmp,Att,Cmp%,TotDist,Country,Year,Comp
Javier Mascherano,311,348,89.4,7176,Argentina,2018, FIFA World Cup
Lionel Messi,163,202,80.7,2616,Argentina,2018, FIFA World Cup
Nicolas Otamendi,253,296,85.5,5526,Argentina,2018, FIFA World Cup
Nicolas Tagliafico,199,234,85.0,3306,Argentina,2018, FIFA World Cup
Gabriel Mercado,158,185,85.4,2382,Argentina,2018, FIFA World Cup
Angel Di Maria,60,88,68.2,1076,Argentina,2018, FIFA World Cup
Marcos Rojo,142,162,87.7,2384,Argentina,2018, FIFA World Cup
Enzo Perez,105,114,92.1,1723,Argentina,2018, FIFA World Cup
Ever Banega,180,211,85.3,3635,Argentina,2018, FIFA World Cup
Maximiliano Meza,91,116,78.4,1443,Argentina,2018, FIFA World Cup
Franco Armani,26,41,63.4,792,Argentina,2018, FIFA World Cup
Willy Caballero,31,51,60.8,719,Argentina,2018, FIFA World Cup
Sergio Aguero,49,63,77.8,636,Argentina,2018, FIFA World Cup
Eduardo Salvio,85,105,81.0,1430,Argentina,2018, FIFA World Cup
Cristian Pavon,46,72,63.9,742,Argentina,2018, FIFA World Cup
Aziz Behich,144,180,80.0,2656,Australia,2018, FIFA World Cup
Mile Jedinak,151,173,87.3,2935,Australia,2018, FIFA World Cup
Mathew Leckie,56,83,67.5,1018,Australia,2018, FIFA World Cup
Mark Milligan,228,249,91.6,4943,Australia,2018, FIFA World Cup
Aaron Mooy,168,206,81.6,3062,Australia,2018, FIFA World Cup
Josh Risdon,113,154,73.4,2146,Australia,2018, FIFA World Cup
Mathew Ryan,95,111,85.6,2655,Australia,2018, FIFA World Cup
Trent Sainsbury,169,191,88.5,3811,Australia,2018, FIFA World Cup
Tom Rogic,53,64,82.8,949,Australia,2018, FIFA World Cup
Robbie Kruse,40,56,71.4,603,Australia,2018, FIFA World Cup
Andrew Nabbout,14,20,70.0,212,Australia,2018, FIFA World Cup
Tomi Juric,9,18,50.0,155,Australia,2018, FIFA World Cup
Daniel Arzani,18,23,78.3,260,Australia,2018, FIFA World Cup
Jackson Irvine,9,15,60.0,150,Australia,2018, FIFA World Cup
Tim Cahill,6,9,66.7,106,Australia,2018, FIFA World Cup
Thibaut Courtois,139,192,72.4,4150,Belgium,2018, FIFA World Cup
Toby Alderweireld,398,446,89.2,8210,Belgium,2018, FIFA World Cup
Kevin De Bruyne,276,350,78.9,5412,Belgium,2018, FIFA World Cup
Jan Vertonghen,299,352,84.9,6394,Belgium,2018, FIFA World Cup
Axel Witsel,306,325,94.2,5122,Belgium,2018, FIFA World Cup
Eden Hazard,217,271,80.1,3823,Belgium,2018, FIFA World Cup
Romelu Lukaku,75,98,76.5,1102,Belgium,2018, FIFA World Cup
Thomas Meunier,189,236,80.1,3531,Belgium,2018, FIFA World Cup
Vincent Kompany,258,277,93.1,5727,Belgium,2018, FIFA World Cup
Nacer Chadli,159,192,82.8,2548,Belgium,2018, FIFA World Cup
Marouane Fellaini,115,140,82.1,1854,Belgium,2018, FIFA World Cup
Dries Mertens,96,133,72.2,1607,Belgium,2018, FIFA World Cup
Dedryck Boyata,181,192,94.3,3535,Belgium,2018, FIFA World Cup
Yannick Carrasco,75,95,78.9,1162,Belgium,2018, FIFA World Cup
Mousa Dembele,106,110,96.4,1770,Belgium,2018, FIFA World Cup
Alisson,55,67,82.1,1580,Brazil,2018, FIFA World Cup
Miranda,237,256,92.6,4768,Brazil,2018, FIFA World Cup
Neymar,223,283,78.8,3534,Brazil,2018, FIFA World Cup
Thiago Silva,266,289,92.0,5921,Brazil,2018, FIFA World Cup
Philippe Coutinho,289,325,88.9,4866,Brazil,2018, FIFA World Cup
Gabriel Jesus,68,95,71.6,944,Brazil,2018, FIFA World Cup
Willian,149,197,75.6,2603,Brazil,2018, FIFA World Cup
Paulinho,136,156,87.2,2126,Brazil,2018, FIFA World Cup
Fagner,201,228,88.2,3307,Brazil,2018, FIFA World Cup
Casemiro,217,258,84.1,4012,Brazil,2018, FIFA World Cup
Marcelo,238,291,81.8,4000,Brazil,2018, FIFA World Cup
Filipe Luis,113,129,87.6,1798,Brazil,2018, FIFA World Cup
Fernandinho,111,125,88.8,1900,Brazil,2018, FIFA World Cup
Danilo,53,57,93.0,988,Brazil,2018, FIFA World Cup
Roberto Firmino,32,41,78.0,412,Brazil,2018, FIFA World Cup
Johan Mojica,148,218,67.9,2614,Colombia,2018, FIFA World Cup
David Ospina,55,97,56.7,1924,Colombia,2018, FIFA World Cup
Davinson Sanchez,163,209,78.0,3780,Colombia,2018, FIFA World Cup
Santiago Arias,165,215,76.7,2751,Colombia,2018, FIFA World Cup
Radamel Falcao,80,106,75.5,1235,Colombia,2018, FIFA World Cup
Juan Cuadrado,137,173,79.2,2659,Colombia,2018, FIFA World Cup
Juan Quintero,135,187,72.2,2936,Colombia,2018, FIFA World Cup
Yerry Mina,140,159,88.1,3208,Colombia,2018, FIFA World Cup
Carlos Sanchez,65,76,85.5,1359,Colombia,2018, FIFA World Cup
Wilmar Barrios,103,126,81.7,2061,Colombia,2018, FIFA World Cup
Jefferson Lerma,75,90,83.3,1341,Colombia,2018, FIFA World Cup
James Rodriguez,83,104,79.8,1427,Colombia,2018, FIFA World Cup
Mateus Uribe,76,88,86.4,1448,Colombia,2018, FIFA World Cup
Oscar Murillo,33,45,73.3,651,Colombia,2018, FIFA World Cup
Jose Izquierdo,19,25,76.0,333,Colombia,2018, FIFA World Cup
Johnny Acosta,65,80,81.3,1387,Costa,2018, FIFA World Cup
Celso Borges,98,125,78.4,1847,Costa,2018, FIFA World Cup
Giancarlo Gonzalez,77,90,85.6,1823,Costa,2018, FIFA World Cup
Keylor Navas,47,73,64.4,2123,Costa,2018, FIFA World Cup
Bryan Ruiz,96,122,78.7,1595,Costa,2018, FIFA World Cup
Cristian Gamboa,71,98,72.4,1348,Costa,2018, FIFA World Cup
David Guzman,92,123,74.8,1945,Costa,2018, FIFA World Cup
Oscar Duarte,63,83,75.9,1205,Costa,2018, FIFA World Cup
Bryan Oviedo,51,64,79.7,888,Costa,2018, FIFA World Cup
Johan Venegas,28,44,63.6,436,Costa,2018, FIFA World Cup
Marco Urena,14,20,70.0,247,Costa,2018, FIFA World Cup
Joel Campbell,27,36,75.0,495,Costa,2018, FIFA World Cup
Francisco Calvo,44,55,80.0,802,Costa,2018, FIFA World Cup
Daniel Colindres,19,34,55.9,378,Costa,2018, FIFA World Cup
Kendall Waston,37,41,90.2,867,Costa,2018, FIFA World Cup
Luka Modric,430,527,81.6,9066,Croatia,2018, FIFA World Cup
Ivan Perisic,133,209,63.6,2541,Croatia,2018, FIFA World Cup
Dejan Lovren,319,372,85.8,7225,Croatia,2018, FIFA World Cup
Ivan Rakitic,345,426,81.0,7692,Croatia,2018, FIFA World Cup
Danijel Subasic,117,170,68.8,3761,Croatia,2018, FIFA World Cup
Domagoj Vida,260,317,82.0,5230,Croatia,2018, FIFA World Cup
Sime Vrsaljko,283,374,75.7,4936,Croatia,2018, FIFA World Cup
Mario Mandzukic,108,163,66.3,1765,Croatia,2018, FIFA World Cup
Ante Rebic,67,132,50.8,1089,Croatia,2018, FIFA World Cup
Ivan Strinic,213,298,71.5,3474,Croatia,2018, FIFA World Cup
Marcelo Brozovic,325,379,85.8,6782,Croatia,2018, FIFA World Cup
Andrej Kramaric,117,143,81.8,1886,Croatia,2018, FIFA World Cup
Josip Pivaric,123,158,77.8,1817,Croatia,2018, FIFA World Cup
Mateo Kovacic,117,126,92.9,1986,Croatia,2018, FIFA World Cup
Vedran Corluka,57,64,89.1,1226,Croatia,2018, FIFA World Cup
Henrik Dalsgaard,134,197,68.0,3099,Denmark,2018, FIFA World Cup
Christian Eriksen,129,184,70.1,2294,Denmark,2018, FIFA World Cup
Simon Kjr,191,221,86.4,4711,Denmark,2018, FIFA World Cup
Kasper Schmeichel,67,122,54.9,3327,Denmark,2018, FIFA World Cup
Thomas Delaney,149,185,80.5,2698,Denmark,2018, FIFA World Cup
Andreas Christensen,154,166,92.8,2995,Denmark,2018, FIFA World Cup
Jens Stryger Larsen,78,104,75.0,1345,Denmark,2018, FIFA World Cup
Yussuf Poulsen,56,79,70.9,670,Denmark,2018, FIFA World Cup
Pione Sisto,71,87,81.6,1226,Denmark,2018, FIFA World Cup
Martin Braithwaite,39,54,72.2,516,Denmark,2018, FIFA World Cup
Mathias Jrgensen,86,100,86.0,1995,Denmark,2018, FIFA World Cup
Nicolai Jrgensen,32,51,62.7,359,Denmark,2018, FIFA World Cup
Andreas Cornelius,19,35,54.3,270,Denmark,2018, FIFA World Cup
Lasse Schone,104,122,85.2,1994,Denmark,2018, FIFA World Cup
Jonas Knudsen,30,52,57.7,785,Denmark,2018, FIFA World Cup
Mohamed Abdel-Shafy,136,179,76.0,2529,Egypt,2018, FIFA World Cup
Ahmed Fathy,127,168,75.6,2184,Egypt,2018, FIFA World Cup
Ali Gabr,62,82,75.6,1506,Egypt,2018, FIFA World Cup
Ahmed Hegazi,93,125,74.4,2379,Egypt,2018, FIFA World Cup
Mohamed Elneny,97,111,87.4,1857,Egypt,2018, FIFA World Cup
Trezeguet,69,91,75.8,1035,Egypt,2018, FIFA World Cup
Tarek Hamed,118,142,83.1,2506,Egypt,2018, FIFA World Cup
Abdallah Said,113,147,76.9,1935,Egypt,2018, FIFA World Cup
Marwan Mohsen,28,54,51.9,388,Egypt,2018, FIFA World Cup
Mohamed Salah,31,41,75.6,456,Egypt,2018, FIFA World Cup
Mohamed El-Shenawy,14,35,40.0,635,Egypt,2018, FIFA World Cup
Amr Warda,37,67,55.2,678,Egypt,2018, FIFA World Cup
Essam El-Hadary,14,19,73.7,448,Egypt,2018, FIFA World Cup
Ramadan Sobhi,19,26,73.1,330,Egypt,2018, FIFA World Cup
Kahraba,14,21,66.7,220,Egypt,2018, FIFA World Cup
Jordan Pickford,156,226,69.0,5412,England,2018, FIFA World Cup
John Stones,444,479,92.7,9320,England,2018, FIFA World Cup
Harry Maguire,381,434,87.8,7364,England,2018, FIFA World Cup
Kieran Trippier,286,393,72.8,5746,England,2018, FIFA World Cup
Harry Kane,98,148,66.2,1765,England,2018, FIFA World Cup
Raheem Sterling,113,135,83.7,1461,England,2018, FIFA World Cup
Jesse Lingard,208,228,91.2,2895,England,2018, FIFA World Cup
Kyle Walker,346,385,89.9,7292,England,2018, FIFA World Cup
Jordan Henderson,235,302,77.8,4852,England,2018, FIFA World Cup
Ashley Young,196,244,80.3,3891,England,2018, FIFA World Cup
Dele Alli,120,158,75.9,1911,England,2018, FIFA World Cup
Ruben Loftus-Cheek,107,129,82.9,1566,England,2018, FIFA World Cup
Eric Dier,172,194,88.7,3173,England,2018, FIFA World Cup
Fabian Delph,136,152,89.5,2015,England,2018, FIFA World Cup
Danny Rose,88,106,83.0,1350,England,2018, FIFA World Cup
Raphael Varane,289,339,85.3,7157,France,2018, FIFA World Cup
N'Golo Kante,313,353,88.7,5807,France,2018, FIFA World Cup
Lucas Hernandez,218,276,79.0,3169,France,2018, FIFA World Cup
Antoine Griezmann,175,248,70.6,2952,France,2018, FIFA World Cup
Olivier Giroud,87,132,65.9,1095,France,2018, FIFA World Cup
Hugo Lloris,85,138,61.6,3742,France,2018, FIFA World Cup
Benjamin Pavard,261,320,81.6,4240,France,2018, FIFA World Cup
Samuel Umtiti,184,214,86.0,3957,France,2018, FIFA World Cup
Paul Pogba,244,305,80.0,5245,France,2018, FIFA World Cup
Kylian Mbappe,123,173,71.1,1785,France,2018, FIFA World Cup
Blaise Matuidi,94,122,77.0,1329,France,2018, FIFA World Cup
Corentin Tolisso,110,135,81.5,2069,France,2018, FIFA World Cup
Ousmane Dembele,54,72,75.0,934,France,2018, FIFA World Cup
Steven Nzonzi,88,102,86.3,1499,France,2018, FIFA World Cup
Presnel Kimpembe,68,76,89.5,1511,France,2018, FIFA World Cup
Joshua Kimmich,218,265,82.3,3850,Germany,2018, FIFA World Cup
Toni Kroos,292,323,90.4,6470,Germany,2018, FIFA World Cup
Manuel Neuer,68,79,86.1,1700,Germany,2018, FIFA World Cup
Timo Werner,61,91,67.0,850,Germany,2018, FIFA World Cup
Marco Reus,103,126,81.7,1373,Germany,2018, FIFA World Cup
Thomas Muller,82,113,72.6,1239,Germany,2018, FIFA World Cup
Mats Hummels,96,105,91.4,2057,Germany,2018, FIFA World Cup
Mesut Ozil,151,173,87.3,2603,Germany,2018, FIFA World Cup
Jerome Boateng,162,184,88.0,4458,Germany,2018, FIFA World Cup
Jonas Hector,91,107,85.0,1477,Germany,2018, FIFA World Cup
Julian Draxler,72,81,88.9,1240,Germany,2018, FIFA World Cup
Sami Khedira,83,100,83.0,1579,Germany,2018, FIFA World Cup
Antonio Rudiger,80,86,93.0,1682,Germany,2018, FIFA World Cup
Niklas Sule,78,86,90.7,1742,Germany,2018, FIFA World Cup
Marvin Plattenhardt,20,24,83.3,270,Germany,2018, FIFA World Cup
Horur Magnusson,41,96,42.7,803,Iceland,2018, FIFA World Cup
Birkir Mar Svarsson,56,78,71.8,1216,Iceland,2018, FIFA World Cup
Gylfi Sigursson,74,109,67.9,1389,Iceland,2018, FIFA World Cup
Hannes or Halldorsson,34,68,50.0,1723,Iceland,2018, FIFA World Cup
Birkir Bjarnason,43,64,67.2,786,Iceland,2018, FIFA World Cup
Alfre Finnbogason,37,51,72.5,492,Iceland,2018, FIFA World Cup
Aron Gunnarsson,61,89,68.5,1281,Iceland,2018, FIFA World Cup
Ragnar Sigursson,34,53,64.2,697,Iceland,2018, FIFA World Cup
Kari Arnason,28,50,56.0,737,Iceland,2018, FIFA World Cup
Emil Hallfresson,52,61,85.2,1000,Iceland,2018, FIFA World Cup
Johann Berg Gumundsson,37,51,72.5,757,Iceland,2018, FIFA World Cup
Rurik Gislason,25,34,73.5,412,Iceland,2018, FIFA World Cup
Sverrir Ingi Ingason,33,46,71.7,802,Iceland,2018, FIFA World Cup
Jon Dai Bovarsson,14,18,77.8,166,Iceland,2018, FIFA World Cup
Bjorn Sigurarson,9,15,60.0,116,Iceland,2018, FIFA World Cup
Sardar Azmoun,30,58,51.7,392,Iran,2018, FIFA World Cup
Alireza Beiranvand,25,61,41.0,1109,Iran,2018, FIFA World Cup
Morteza Pouraliganji,43,62,69.4,1093,Iran,2018, FIFA World Cup
Ramin Rezaeian,56,101,55.4,1349,Iran,2018, FIFA World Cup
Vahid Amiri,47,71,66.2,741,Iran,2018, FIFA World Cup
Omid Ebrahimi,56,72,77.8,1183,Iran,2018, FIFA World Cup
Ehsan Hajsafi,40,76,52.6,790,Iran,2018, FIFA World Cup
Mehdi Taremi,22,44,50.0,355,Iran,2018, FIFA World Cup
Majid Hosseini,28,40,70.0,757,Iran,2018, FIFA World Cup
Karim Ansarifard,19,36,52.8,380,Iran,2018, FIFA World Cup
Alireza Jahanbakhsh,28,49,57.1,525,Iran,2018, FIFA World Cup
Saeid Ezatolahi,30,44,68.2,814,Iran,2018, FIFA World Cup
Roozbeh Cheshmi,11,15,73.3,306,Iran,2018, FIFA World Cup
Masoud Shojaei,8,15,53.3,104,Iran,2018, FIFA World Cup
Milad Mohammadi,11,19,57.9,200,Iran,2018, FIFA World Cup
Eiji Kawashima,57,89,64.0,2253,Japan,2018, FIFA World Cup
Yuto Nagatomo,155,191,81.2,2365,Japan,2018, FIFA World Cup
Hiroki Sakai,142,193,73.6,2368,Japan,2018, FIFA World Cup
Maya Yoshida,249,290,85.9,5013,Japan,2018, FIFA World Cup
Gaku Shibasaki,193,245,78.8,3947,Japan,2018, FIFA World Cup
Yuya Osako,52,78,66.7,844,Japan,2018, FIFA World Cup
Takashi Inui,106,127,83.5,1686,Japan,2018, FIFA World Cup
Makoto Hasebe,183,210,87.1,3292,Japan,2018, FIFA World Cup
Gen Shoji,159,179,88.8,3310,Japan,2018, FIFA World Cup
Genki Haraguchi,73,86,84.9,1088,Japan,2018, FIFA World Cup
Shinji Kagawa,120,142,84.5,1747,Japan,2018, FIFA World Cup
Hotaru Yamaguchi,91,99,91.9,1509,Japan,2018, FIFA World Cup
Tomoaki Makino,77,87,88.5,1356,Japan,2018, FIFA World Cup
Gotoku Sakai,14,17,82.4,200,Japan,2018, FIFA World Cup
Yoshinori Muto,14,16,87.5,165,Japan,2018, FIFA World Cup
Son Heung-min,64,79,81.0,1101,Korea,2018, FIFA World Cup
Jang Hyun-soo,79,95,83.2,1762,Korea,2018, FIFA World Cup
Cho Hyun-woo,35,63,55.6,1452,Korea,2018, FIFA World Cup
Lee Jae-sung,95,114,83.3,1588,Korea,2018, FIFA World Cup
Lee Yong,80,119,67.2,1355,Korea,2018, FIFA World Cup
Kim Young-gwon,71,89,79.8,1735,Korea,2018, FIFA World Cup
Hwang Hee-chan,16,34,47.1,213,Korea,2018, FIFA World Cup
Ki Sung-yueng,76,85,89.4,1501,Korea,2018, FIFA World Cup
Moon Seon-min,25,33,75.8,354,Korea,2018, FIFA World Cup
Koo Ja-cheol,21,24,87.5,320,Korea,2018, FIFA World Cup
Kim Min-woo,42,64,65.6,612,Korea,2018, FIFA World Cup
Jung Woo-young,51,60,85.0,1232,Korea,2018, FIFA World Cup
Hong Chul,22,36,61.1,486,Korea,2018, FIFA World Cup
Yun Young-sun,12,12,100.0,242,Korea,2018, FIFA World Cup
Ju Se-jong,29,41,70.7,647,Korea,2018, FIFA World Cup
Hector Herrera,183,215,85.1,3622,Mexico,2018, FIFA World Cup
Guillermo Ochoa,59,89,66.3,2164,Mexico,2018, FIFA World Cup
Carlos Salcedo,191,226,84.5,4376,Mexico,2018, FIFA World Cup
Jesus Gallardo,146,180,81.1,2876,Mexico,2018, FIFA World Cup
Javier Hernandez,50,67,74.6,993,Mexico,2018, FIFA World Cup
Hirving Lozano,71,90,78.9,1083,Mexico,2018, FIFA World Cup
Carlos Vela,100,122,82.0,1715,Mexico,2018, FIFA World Cup
Andres Guardado,116,136,85.3,2218,Mexico,2018, FIFA World Cup
Miguel Layun,88,121,72.7,1728,Mexico,2018, FIFA World Cup
Hector Moreno,125,146,85.6,2688,Mexico,2018, FIFA World Cup
Edson Alvarez,141,169,83.4,2713,Mexico,2018, FIFA World Cup
Hugo Ayala,55,69,79.7,1387,Mexico,2018, FIFA World Cup
Rafael Marquez,36,42,85.7,801,Mexico,2018, FIFA World Cup
Raul Jimenez,8,16,50.0,110,Mexico,2018, FIFA World Cup
Jesus Corona,18,24,75.0,319,Mexico,2018, FIFA World Cup
M'barek Boussoufa,104,131,79.4,1847,Morocco,2018, FIFA World Cup
Achraf Hakimi,97,122,79.5,1562,Morocco,2018, FIFA World Cup
Munir,31,57,54.4,1020,Morocco,2018, FIFA World Cup
Karim El Ahmadi,93,113,82.3,1526,Morocco,2018, FIFA World Cup
Hakim Ziyech,93,130,71.5,1873,Morocco,2018, FIFA World Cup
Nordin Amrabat,67,90,74.4,1034,Morocco,2018, FIFA World Cup
Younes Belhanda,90,113,79.6,1510,Morocco,2018, FIFA World Cup
Manuel da Costa,56,82,68.3,1413,Morocco,2018, FIFA World Cup
Medhi Benatia,103,127,81.1,2332,Morocco,2018, FIFA World Cup
Nabil Dirar,77,92,83.7,1296,Morocco,2018, FIFA World Cup
Romain Saiss,77,93,82.8,1809,Morocco,2018, FIFA World Cup
Khalid Boutaib,19,26,73.1,223,Morocco,2018, FIFA World Cup
Ayoub El Kaabi,7,12,58.3,89,Morocco,2018, FIFA World Cup
Amine Harit,22,30,73.3,283,Morocco,2018, FIFA World Cup
Faycal Fajr,17,22,77.3,289,Morocco,2018, FIFA World Cup
Leon Balogun,91,131,69.5,1797,Nigeria,2018, FIFA World Cup
Victor Moses,79,120,65.8,1485,Nigeria,2018, FIFA World Cup
Wilfred Ndidi,133,171,77.8,2419,Nigeria,2018, FIFA World Cup
William Troost-Ekong,89,119,74.8,2194,Nigeria,2018, FIFA World Cup
Francis Uzoho,28,57,49.1,1210,Nigeria,2018, FIFA World Cup
Oghenekaro Etebo,124,152,81.6,2109,Nigeria,2018, FIFA World Cup
John Obi Mikel,123,155,79.4,2247,Nigeria,2018, FIFA World Cup
Brian Idowu,70,95,73.7,1246,Nigeria,2018, FIFA World Cup
Ahmed Musa,43,62,69.4,639,Nigeria,2018, FIFA World Cup
Kenneth Omeruo,50,73,68.5,1114,Nigeria,2018, FIFA World Cup
Kelechi Iheanacho,27,43,62.8,455,Nigeria,2018, FIFA World Cup
Odion Ighalo,13,16,81.3,197,Nigeria,2018, FIFA World Cup
Shehu Abdullahi,31,32,96.9,521,Nigeria,2018, FIFA World Cup
Alex Iwobi,17,24,70.8,356,Nigeria,2018, FIFA World Cup
Tyronne Ebuehi,23,25,92.0,280,Nigeria,2018, FIFA World Cup
Fidel Escobar,72,86,83.7,1877,Panama,2018, FIFA World Cup
Jaime Penedo,24,57,42.1,1193,Panama,2018, FIFA World Cup
Gabriel Gomez,107,117,91.5,2291,Panama,2018, FIFA World Cup
Jose Luis Rodriguez,52,65,80.0,688,Panama,2018, FIFA World Cup
Anibal Godoy,95,106,89.6,1817,Panama,2018, FIFA World Cup
Roman Torres,54,67,80.6,1305,Panama,2018, FIFA World Cup
Edgar Yoel Barcenas,53,64,82.8,886,Panama,2018, FIFA World Cup
Michael Amir Murillo,69,87,79.3,1034,Panama,2018, FIFA World Cup
Armando Cooper,64,74,86.5,1141,Panama,2018, FIFA World Cup
Erick Davis,89,113,78.8,1405,Panama,2018, FIFA World Cup
Blas Perez,21,35,60.0,287,Panama,2018, FIFA World Cup
Ricardo Avila,35,43,81.4,835,Panama,2018, FIFA World Cup
Adolfo Machado,17,32,53.1,336,Panama,2018, FIFA World Cup
Luis Ovalle,20,36,55.6,414,Panama,2018, FIFA World Cup
Gabriel Torres,11,15,73.3,163,Panama,2018, FIFA World Cup
Luis Advincula,124,144,86.1,2244,Peru,2018, FIFA World Cup
Christian Cueva,113,138,81.9,1832,Peru,2018, FIFA World Cup
Pedro Gallese,37,68,54.4,1330,Peru,2018, FIFA World Cup
Christian Ramos,99,119,83.2,2363,Peru,2018, FIFA World Cup
Miguel Trauco,156,203,76.8,2782,Peru,2018, FIFA World Cup
Andre Carrillo,78,106,73.6,1272,Peru,2018, FIFA World Cup
Edison Flores,77,104,74.0,1256,Peru,2018, FIFA World Cup
Yoshimar Yotun,118,144,81.9,2470,Peru,2018, FIFA World Cup
Paolo Guerrero,30,48,62.5,422,Peru,2018, FIFA World Cup
Renato Tapia,37,47,78.7,698,Peru,2018, FIFA World Cup
Alberto Rodriguez,49,56,87.5,1056,Peru,2018, FIFA World Cup
Pedro Aquino,87,104,83.7,1783,Peru,2018, FIFA World Cup
Anderson Santamaria,69,74,93.2,1257,Peru,2018, FIFA World Cup
Jefferson Farfan,28,33,84.8,449,Peru,2018, FIFA World Cup
Paolo Hurtado,16,19,84.2,231,Peru,2018, FIFA World Cup
Grzegorz Krychowiak,150,180,83.3,3350,Poland,2018, FIFA World Cup
Robert Lewandowski,60,73,82.2,809,Poland,2018, FIFA World Cup
Piotr Zielinski,125,162,77.2,2401,Poland,2018, FIFA World Cup
Jan Bednarek,147,170,86.5,3887,Poland,2018, FIFA World Cup
Kamil Grosicki,43,71,60.6,730,Poland,2018, FIFA World Cup
Jacek Goralski,56,67,83.6,1029,Poland,2018, FIFA World Cup
Maciej Rybus,59,71,83.1,1141,Poland,2018, FIFA World Cup
Wojciech Szczesny,32,42,76.2,1015,Poland,2018, FIFA World Cup
ukasz Piszczek,76,110,69.1,1500,Poland,2018, FIFA World Cup
Bartosz Bereszynski,66,78,84.6,1202,Poland,2018, FIFA World Cup
Micha Pazdan,133,159,83.6,2755,Poland,2018, FIFA World Cup
Kamil Glik,67,78,85.9,1902,Poland,2018, FIFA World Cup
Thiago Cionek,72,81,88.9,1583,Poland,2018, FIFA World Cup
ukasz Fabianski,18,25,72.0,508,Poland,2018, FIFA World Cup
Artur Jedrzejczyk,41,53,77.4,716,Poland,2018, FIFA World Cup
William Carvalho,220,251,87.6,4997,Portugal,2018, FIFA World Cup
Jose Fonte,144,177,81.4,2929,Portugal,2018, FIFA World Cup
Raphael Guerreiro,198,252,78.6,3134,Portugal,2018, FIFA World Cup
Rui Patricio,50,77,64.9,1689,Portugal,2018, FIFA World Cup
Pepe,131,167,78.4,3458,Portugal,2018, FIFA World Cup
Cristiano Ronaldo,91,113,80.5,1354,Portugal,2018, FIFA World Cup
Cedric Soares,115,161,71.4,2186,Portugal,2018, FIFA World Cup
Joao Mario,140,165,84.8,2365,Portugal,2018, FIFA World Cup
Goncalo Guedes,51,62,82.3,753,Portugal,2018, FIFA World Cup
Bernardo Silva,105,132,79.5,1880,Portugal,2018, FIFA World Cup
Joao Moutinho,76,86,88.4,1540,Portugal,2018, FIFA World Cup
Adrien Silva,145,160,90.6,2812,Portugal,2018, FIFA World Cup
Andre Silva,24,31,77.4,427,Portugal,2018, FIFA World Cup
Ricardo Quaresma,41,66,62.1,673,Portugal,2018, FIFA World Cup
Ricardo Pereira,46,55,83.6,768,Portugal,2018, FIFA World Cup
Igor Akinfeev,48,114,42.1,2632,Russia,2018, FIFA World Cup
Sergei Ignashevich,110,160,68.8,3515,Russia,2018, FIFA World Cup
Ilya Kutepov,118,165,71.5,3039,Russia,2018, FIFA World Cup
Roman Zobnin,143,204,70.1,2550,Russia,2018, FIFA World Cup
Aleksandr Samedov,113,155,72.9,1821,Russia,2018, FIFA World Cup
Mario Fernandes,189,260,72.7,3150,Russia,2018, FIFA World Cup
Aleksandr Golovin,90,135,66.7,1572,Russia,2018, FIFA World Cup
Artem Dzyuba,72,108,66.7,1038,Russia,2018, FIFA World Cup
Fyodor Kudryashov,85,109,78.0,1634,Russia,2018, FIFA World Cup
Denis Cheryshev,53,92,57.6,920,Russia,2018, FIFA World Cup
Yuri Gazinskiy,99,126,78.6,2119,Russia,2018, FIFA World Cup
Yuri Zhirkov,67,106,63.2,1390,Russia,2018, FIFA World Cup
Daler Kuzyaev,80,96,83.3,1247,Russia,2018, FIFA World Cup
Fyodor Smolov,50,72,69.4,661,Russia,2018, FIFA World Cup
Aleksei Miranchuk,15,20,75.0,260,Russia,2018, FIFA World Cup
Mohammed Al-Breik,201,238,84.5,3431,Saudi,2018, FIFA World Cup
Salem Al-Dawsari,150,164,91.5,2637,Saudi,2018, FIFA World Cup
Salman Al-Faraj,227,266,85.3,4143,Saudi,2018, FIFA World Cup
Osama Hawsawi,111,132,84.1,2318,Saudi,2018, FIFA World Cup
Yasser Al-Shahrani,169,213,79.3,2541,Saudi,2018, FIFA World Cup
Abdullah Otayf,233,257,90.7,3791,Saudi,2018, FIFA World Cup
Fahad Al Muwallad,17,22,77.3,177,Saudi,2018, FIFA World Cup
Hattan Bahebri,56,69,81.2,716,Saudi,2018, FIFA World Cup
Taisir Al-Jassim,58,68,85.3,934,Saudi,2018, FIFA World Cup
Hussain Al Moqahwi,100,107,93.5,1706,Saudi,2018, FIFA World Cup
Mohammed Al Sahlawi,11,14,78.6,152,Saudi,2018, FIFA World Cup
Ali Al-Bulaihi,36,42,85.7,718,Saudi,2018, FIFA World Cup
Motaz Hawsawi,27,31,87.1,420,Saudi,2018, FIFA World Cup
Omar Hawsawi,44,58,75.9,1039,Saudi,2018, FIFA World Cup
Abdullah Al-Mayouf,15,35,42.9,655,Saudi,2018, FIFA World Cup
Idrissa Gana Gueye,126,146,86.3,2094,Senegal,2018, FIFA World Cup
Kalidou Koulibaly,88,113,77.9,2025,Senegal,2018, FIFA World Cup
Sadio Mane,69,93,74.2,1356,Senegal,2018, FIFA World Cup
Khadim N'Diaye,28,71,39.4,1532,Senegal,2018, FIFA World Cup
Salif Sane,93,125,74.4,2542,Senegal,2018, FIFA World Cup
Ismaila Sarr,50,71,70.4,664,Senegal,2018, FIFA World Cup
Youssouf Sabaly,87,118,73.7,1257,Senegal,2018, FIFA World Cup
M'Baye Niang,53,86,61.6,994,Senegal,2018, FIFA World Cup
Moussa Wague,67,90,74.4,1174,Senegal,2018, FIFA World Cup
Alfred N'Diaye,38,47,80.9,871,Senegal,2018, FIFA World Cup
Cheikhou Kouyate,33,42,78.6,650,Senegal,2018, FIFA World Cup
Lamine Gassama,28,32,87.5,579,Senegal,2018, FIFA World Cup
Badou Ndiaye,16,22,72.7,346,Senegal,2018, FIFA World Cup
Keita Balde,9,14,64.3,149,Senegal,2018, FIFA World Cup
Mame Biram Diouf,7,9,77.8,131,Senegal,2018, FIFA World Cup
Aleksandar Kolarov,103,138,74.6,1686,Serbia,2018, FIFA World Cup
Nemanja Matic,110,136,80.9,2175,Serbia,2018, FIFA World Cup
Nikola Milenkovic,105,117,89.7,2367,Serbia,2018, FIFA World Cup
Sergej Milinkovic-Savic,85,114,74.6,1549,Serbia,2018, FIFA World Cup
Vladimir Stojkovic,47,73,64.4,2157,Serbia,2018, FIFA World Cup
Aleksandar Mitrovic,35,63,55.6,477,Serbia,2018, FIFA World Cup
Dusan Tadic,58,87,66.7,1053,Serbia,2018, FIFA World Cup
Branislav Ivanovic,76,102,74.5,1690,Serbia,2018, FIFA World Cup
Dusko Tosic,70,87,80.5,1708,Serbia,2018, FIFA World Cup
Adem Ljajic,59,77,76.6,1049,Serbia,2018, FIFA World Cup
Luka Milivojevic,63,74,85.1,1389,Serbia,2018, FIFA World Cup
Filip Kostic,27,49,55.1,445,Serbia,2018, FIFA World Cup
Antonio Rukavina,37,45,82.2,666,Serbia,2018, FIFA World Cup
Milos Veljkovic,41,44,93.2,875,Serbia,2018, FIFA World Cup
Nemanja Radonjic,7,11,63.6,104,Serbia,2018, FIFA World Cup
Jordi Alba,372,414,89.9,5478,Spain,2018, FIFA World Cup
Sergio Busquets,287,312,92.0,5248,Spain,2018, FIFA World Cup
David de Gea,52,67,77.6,1467,Spain,2018, FIFA World Cup
Isco,414,475,87.2,6810,Spain,2018, FIFA World Cup
Gerard Pique,323,354,91.2,6995,Spain,2018, FIFA World Cup
Sergio Ramos,469,496,94.6,9870,Spain,2018, FIFA World Cup
David Silva,182,213,85.4,2851,Spain,2018, FIFA World Cup
Diego Costa,53,64,82.8,739,Spain,2018, FIFA World Cup
Andres Iniesta,248,285,87.0,4080,Spain,2018, FIFA World Cup
Dani Carvajal,157,181,86.7,2949,Spain,2018, FIFA World Cup
Koke,249,270,92.2,4548,Spain,2018, FIFA World Cup
Nacho,103,110,93.6,1617,Spain,2018, FIFA World Cup
Marco Asensio,56,67,83.6,1112,Spain,2018, FIFA World Cup
Thiago Alcantara,113,118,95.8,2079,Spain,2018, FIFA World Cup
Lucas Vazquez,28,42,66.7,367,Spain,2018, FIFA World Cup
Ludwig Augustinsson,110,181,60.8,2353,Sweden,2018, FIFA World Cup
Andreas Granqvist,140,171,81.9,3298,Sweden,2018, FIFA World Cup
Robin Olsen,54,106,50.9,2335,Sweden,2018, FIFA World Cup
Viktor Claesson,101,146,69.2,1688,Sweden,2018, FIFA World Cup
Marcus Berg,61,87,70.1,949,Sweden,2018, FIFA World Cup
Albin Ekdal,133,169,78.7,2401,Sweden,2018, FIFA World Cup
Emil Forsberg,87,104,83.7,1563,Sweden,2018, FIFA World Cup
Ola Toivonen,60,102,58.8,855,Sweden,2018, FIFA World Cup
Victor Lindelof,84,109,77.1,1923,Sweden,2018, FIFA World Cup
Mikael Lustig,83,134,61.9,1811,Sweden,2018, FIFA World Cup
Seb Larsson,126,167,75.4,2860,Sweden,2018, FIFA World Cup
Gustav Svensson,21,27,77.8,393,Sweden,2018, FIFA World Cup
Pontus Jansson,53,59,89.8,984,Sweden,2018, FIFA World Cup
Emil Krafth,37,57,64.9,830,Sweden,2018, FIFA World Cup
John Guidetti,4,7,57.1,57,Sweden,2018, FIFA World Cup
Manuel Akanji,272,304,89.5,5495,Switzerland,2018, FIFA World Cup
Ricardo Rodriguez,163,216,75.5,3158,Switzerland,2018, FIFA World Cup
Yann Sommer,90,123,73.2,2452,Switzerland,2018, FIFA World Cup
Granit Xhaka,310,346,89.6,6874,Switzerland,2018, FIFA World Cup
Xherdan Shaqiri,149,197,75.6,2688,Switzerland,2018, FIFA World Cup
Blerim Dzemaili,72,92,78.3,1066,Switzerland,2018, FIFA World Cup
Valon Behrami,216,231,93.5,4030,Switzerland,2018, FIFA World Cup
Fabian Schar,179,215,83.3,3934,Switzerland,2018, FIFA World Cup
Stephan Lichtsteiner,117,152,77.0,2030,Switzerland,2018, FIFA World Cup
Steven Zuber,69,92,75.0,1101,Switzerland,2018, FIFA World Cup
Haris Seferovic,10,20,50.0,156,Switzerland,2018, FIFA World Cup
Breel Embolo,32,42,76.2,536,Switzerland,2018, FIFA World Cup
Josip Drmic,15,20,75.0,214,Switzerland,2018, FIFA World Cup
Mario Gavranovic,13,17,76.5,217,Switzerland,2018, FIFA World Cup
Michael Lang,51,63,81.0,943,Switzerland,2018, FIFA World Cup
Fakhreddine Ben Youssef,69,95,72.6,1075,Tunisia,2018, FIFA World Cup
Yassine Meriah,164,186,88.2,3455,Tunisia,2018, FIFA World Cup
Ellyes Skhiri,149,166,89.8,3067,Tunisia,2018, FIFA World Cup
Wahbi Khazri,60,81,74.1,962,Tunisia,2018, FIFA World Cup
Ferjani Sassi,125,153,81.7,2321,Tunisia,2018, FIFA World Cup
Anice Badri,76,81,93.8,1104,Tunisia,2018, FIFA World Cup
Ali Maaloul,96,112,85.7,1781,Tunisia,2018, FIFA World Cup
Naim Sliti,44,63,69.8,705,Tunisia,2018, FIFA World Cup
Syam Ben Youssef,35,42,83.3,765,Tunisia,2018, FIFA World Cup
Dylan Bronn,41,53,77.4,796,Tunisia,2018, FIFA World Cup
Farouk Ben Mustapha,22,47,46.8,663,Tunisia,2018, FIFA World Cup
Hamdi Nagguez,78,101,77.2,1341,Tunisia,2018, FIFA World Cup
Rami Bedoui,72,83,86.7,1640,Tunisia,2018, FIFA World Cup
Ghaylene Chaalali,64,79,81.0,1263,Tunisia,2018, FIFA World Cup
Oussama Haddadi,35,42,83.3,676,Tunisia,2018, FIFA World Cup
Martin Caceres,180,257,70.0,3602,Uruguay,2018, FIFA World Cup
Diego Godin,187,224,83.5,4483,Uruguay,2018, FIFA World Cup
Fernando Muslera,71,106,67.0,2447,Uruguay,2018, FIFA World Cup
Luis Suarez,91,139,65.5,1676,Uruguay,2018, FIFA World Cup
Matias Vecino,220,266,82.7,4238,Uruguay,2018, FIFA World Cup
Rodrigo Bentancur,195,227,85.9,3599,Uruguay,2018, FIFA World Cup
Jose Maria Gimenez,142,170,83.5,2992,Uruguay,2018, FIFA World Cup
Edinson Cavani,68,83,81.9,1481,Uruguay,2018, FIFA World Cup
Nahitan Nandez,100,133,75.2,1760,Uruguay,2018, FIFA World Cup
Lucas Torreira,122,153,79.7,2439,Uruguay,2018, FIFA World Cup
Diego Laxalt,87,123,70.7,1625,Uruguay,2018, FIFA World Cup
Guillermo Varela,102,114,89.5,1706,Uruguay,2018, FIFA World Cup
Cristian Rodriguez,56,82,68.3,918,Uruguay,2018, FIFA World Cup
Carlos Sanchez,49,75,65.3,1016,Uruguay,2018, FIFA World Cup
Sebastian Coates,60,64,93.8,1479,Uruguay,2018, FIFA World Cup
Lionel Messi,249,323,77.1,4417,Argentina,2021, Copa América
Emiliano Martinez,111,163,68.1,3741,Argentina,2021, Copa América
Rodrigo De Paul,211,247,85.4,4157,Argentina,2021, Copa América
Nicolas Otamendi,175,199,87.9,3621,Argentina,2021, Copa América
Lautaro Martinez,41,57,71.9,555,Argentina,2021, Copa América
Giovani Lo Celso,131,147,89.1,2019,Argentina,2021, Copa América
Guido Rodriguez,216,240,90.0,3842,Argentina,2021, Copa América
German Pezzella,179,190,94.2,3518,Argentina,2021, Copa América
Marcos Acuna,173,203,85.2,2946,Argentina,2021, Copa América
Leandro Paredes,196,210,93.3,4018,Argentina,2021, Copa América
Nahuel Molina,122,146,83.6,1777,Argentina,2021, Copa América
Nicolas Gonzalez,49,74,66.2,585,Argentina,2021, Copa América
Gonzalo Montiel,142,166,85.5,2433,Argentina,2021, Copa América
Nicolas Tagliafico,95,121,78.5,1629,Argentina,2021, Copa América
Cristian Romero,105,116,90.5,2341,Argentina,2021, Copa América
David Alaba,275,334,82.3,5686,Austria,2021, UEFA Euro
Daniel Bachmann,120,153,78.4,3364,Austria,2021, UEFA Euro
Martin Hinteregger,215,254,84.6,4260,Austria,2021, UEFA Euro
Marcel Sabitzer,205,240,85.4,3633,Austria,2021, UEFA Euro
Stefan Lainer,175,230,76.1,2915,Austria,2021, UEFA Euro
Xaver Schlager,127,156,81.4,2249,Austria,2021, UEFA Euro
Aleksandar Dragovic,201,232,86.6,4702,Austria,2021, UEFA Euro
Konrad Laimer,82,112,73.2,1256,Austria,2021, UEFA Euro
Christoph Baumgartner,69,91,75.8,953,Austria,2021, UEFA Euro
Florian Grillitsch,146,169,86.4,3103,Austria,2021, UEFA Euro
Marko Arnautovic,46,67,68.7,669,Austria,2021, UEFA Euro
Andreas Ulmer,64,85,75.3,932,Austria,2021, UEFA Euro
Sasa Kalajdzic,32,39,82.1,512,Austria,2021, UEFA Euro
Michael Gregoritsch,23,27,85.2,308,Austria,2021, UEFA Euro
Alessandro Schopf,38,44,86.4,544,Austria,2021, UEFA Euro
Thibaut Courtois,140,171,81.9,3962,Belgium,2021, UEFA Euro
Romelu Lukaku,51,78,65.4,769,Belgium,2021, UEFA Euro
Toby Alderweireld,267,306,87.3,5624,Belgium,2021, UEFA Euro
Thorgan Hazard,249,283,88.0,4415,Belgium,2021, UEFA Euro
Jan Vertonghen,282,309,91.3,5778,Belgium,2021, UEFA Euro
Youri Tielemans,183,214,85.5,3429,Belgium,2021, UEFA Euro
Thomas Meunier,168,221,76.0,3016,Belgium,2021, UEFA Euro
Axel Witsel,200,209,95.7,3728,Belgium,2021, UEFA Euro
Thomas Vermaelen,172,181,95.0,3480,Belgium,2021, UEFA Euro
Kevin De Bruyne,136,182,74.7,2757,Belgium,2021, UEFA Euro
Eden Hazard,121,139,87.1,1992,Belgium,2021, UEFA Euro
Dries Mertens,29,48,60.4,457,Belgium,2021, UEFA Euro
Dedryck Boyata,169,171,98.8,3911,Belgium,2021, UEFA Euro
Jason Denayer,148,158,93.7,2674,Belgium,2021, UEFA Euro
Jeremy Doku,48,60,80.0,710,Belgium,2021, UEFA Euro
Adrian Jusino,87,96,90.6,1866,Bolivia,2021, Copa América
Leonel Justiniano,122,134,91.0,2236,Bolivia,2021, Copa América
Erwin Saavedra,140,170,82.4,2410,Bolivia,2021, Copa América
Roberto Fernandez,115,137,83.9,1926,Bolivia,2021, Copa América
Diego Bejarano,99,117,84.6,1563,Bolivia,2021, Copa América
Carlos Lampe,92,118,78.0,2504,Bolivia,2021, Copa América
Jairo Quinteros,67,85,78.8,1498,Bolivia,2021, Copa América
Ramiro Vaca,146,180,81.1,2658,Bolivia,2021, Copa América
Gilbert Alvarez,23,30,76.7,322,Bolivia,2021, Copa América
Jeyson Chura,54,61,88.5,829,Bolivia,2021, Copa América
Juan Carlos Arce,61,83,73.5,1090,Bolivia,2021, Copa América
Boris Cespedes,24,30,80.0,441,Bolivia,2021, Copa América
Rodrigo Ramallo,29,37,78.4,538,Bolivia,2021, Copa América
Jose Sagredo,29,38,76.3,475,Bolivia,2021, Copa América
Ruben Cordano,14,37,37.8,583,Bolivia,2021, Copa América
Danilo,328,380,86.3,5864,Brazil,2021, Copa América
Marquinhos,329,356,92.4,7145,Brazil,2021, Copa América
Neymar,228,312,73.1,3886,Brazil,2021, Copa América
Fred,330,369,89.4,5745,Brazil,2021, Copa América
Casemiro,298,351,84.9,5296,Brazil,2021, Copa América
Richarlison,77,114,67.5,1056,Brazil,2021, Copa América
Thiago Silva,290,300,96.7,5883,Brazil,2021, Copa América
Renan Lodi,209,245,85.3,3544,Brazil,2021, Copa América
Ederson,70,91,76.9,2044,Brazil,2021, Copa América
Lucas Paqueta,157,196,80.1,2571,Brazil,2021, Copa América
Gabriel Jesus,95,117,81.2,1393,Brazil,2021, Copa América
Everton Soares,66,84,78.6,1106,Brazil,2021, Copa América
Eder Militao,191,204,93.6,4303,Brazil,2021, Copa América
Roberto Firmino,64,76,84.2,981,Brazil,2021, Copa América
Fabinho,153,163,93.9,2727,Brazil,2021, Copa América
Claudio Bravo,146,214,68.2,4514,Chile,2021, Copa América
Mauricio Isla,235,272,86.4,4540,Chile,2021, Copa América
Eugenio Mena,221,270,81.9,3598,Chile,2021, Copa América
Charles Aranguiz,299,346,86.4,5670,Chile,2021, Copa América
Gary Medel,270,286,94.4,5758,Chile,2021, Copa América
Eduardo Vargas,102,130,78.5,1637,Chile,2021, Copa América
Arturo Vidal,266,304,87.5,4867,Chile,2021, Copa América
Erick Pulgar,190,211,90.0,3749,Chile,2021, Copa América
Ben Brereton,58,77,75.3,894,Chile,2021, Copa América
Francisco Sierralta,141,156,90.4,2767,Chile,2021, Copa América
Guillermo Maripan,99,119,83.2,2063,Chile,2021, Copa América
Jean Meneses,93,113,82.3,1621,Chile,2021, Copa América
Cesar Pinares,47,54,87.0,791,Chile,2021, Copa América
Carlos Palacios,27,38,71.1,408,Chile,2021, Copa América
Tomas Alarcon,59,64,92.2,1123,Chile,2021, Copa América
Wilmar Barrios,283,328,86.3,5319,Colombia,2021, Copa América
Yerry Mina,252,276,91.3,5409,Colombia,2021, Copa América
Juan Cuadrado,237,315,75.2,5103,Colombia,2021, Copa América
David Ospina,116,162,71.6,3434,Colombia,2021, Copa América
William Tesillo,239,305,78.4,4524,Colombia,2021, Copa América
Duvan Zapata,61,91,67.0,919,Colombia,2021, Copa América
Davinson Sanchez,193,217,88.9,4293,Colombia,2021, Copa América
Daniel Munoz,196,242,81.0,3238,Colombia,2021, Copa América
Luis Fernando Diaz,128,156,82.1,2138,Colombia,2021, Copa América
Edwin Cardona,129,169,76.3,3051,Colombia,2021, Copa América
Rafael Borre,70,92,76.1,1190,Colombia,2021, Copa América
Gustavo Cuellar,164,186,88.2,3235,Colombia,2021, Copa América
Mateus Uribe,102,123,82.9,1904,Colombia,2021, Copa América
Miguel Borja,44,65,67.7,826,Colombia,2021, Copa América
Oscar Murillo,44,48,91.7,953,Colombia,2021, Copa América
Dominik Livakovic,99,132,75.0,2809,Croatia,2021, UEFA Euro
Domagoj Vida,164,175,93.7,3252,Croatia,2021, UEFA Euro
Luka Modric,250,291,85.9,4992,Croatia,2021, UEFA Euro
Josko Gvardiol,174,209,83.3,2967,Croatia,2021, UEFA Euro
Mateo Kovacic,194,217,89.4,3477,Croatia,2021, UEFA Euro
Marcelo Brozovic,191,212,90.1,3717,Croatia,2021, UEFA Euro
Ivan Perisic,71,99,71.7,1189,Croatia,2021, UEFA Euro
Ante Rebic,23,43,53.5,318,Croatia,2021, UEFA Euro
Andrej Kramaric,55,62,88.7,874,Croatia,2021, UEFA Euro
Duje Caleta-Car,90,97,92.8,2113,Croatia,2021, UEFA Euro
Nikola Vlasic,48,56,85.7,601,Croatia,2021, UEFA Euro
Dejan Lovren,100,114,87.7,2316,Croatia,2021, UEFA Euro
Sime Vrsaljko,90,118,76.3,1536,Croatia,2021, UEFA Euro
Bruno Petkovic,38,53,71.7,497,Croatia,2021, UEFA Euro
Josip Juranovic,76,91,83.5,1288,Croatia,2021, UEFA Euro
Vladimir Coufal,235,326,72.1,4030,Czech,2021, UEFA Euro
Tomas Kalas,164,191,85.9,3845,Czech,2021, UEFA Euro
Tomas Soucek,175,219,79.9,3651,Czech,2021, UEFA Euro
Tomas Vaclik,89,152,58.6,2962,Czech,2021, UEFA Euro
Ondrej Celustka,149,176,84.7,3545,Czech,2021, UEFA Euro
Patrik Schick,72,100,72.0,1132,Czech,2021, UEFA Euro
Lukas Masopust,88,111,79.3,1252,Czech,2021, UEFA Euro
Jan Boril,146,188,77.7,2550,Czech,2021, UEFA Euro
Tomas Holes,89,112,79.5,1529,Czech,2021, UEFA Euro
Vladimir Darida,93,125,74.4,1737,Czech,2021, UEFA Euro
Jakub Jankto,80,107,74.8,1503,Czech,2021, UEFA Euro
Petr Sevcik,82,108,75.9,1338,Czech,2021, UEFA Euro
Antonin Barak,81,101,80.2,1462,Czech,2021, UEFA Euro
Alex Kral,46,70,65.7,819,Czech,2021, UEFA Euro
Pavel Kaderabek,38,49,77.6,695,Czech,2021, UEFA Euro
Pierre Hjbjerg,338,399,84.7,6612,Denmark,2021, UEFA Euro
Joakim Mhle,284,334,85.0,4350,Denmark,2021, UEFA Euro
Kasper Schmeichel,106,157,67.5,4414,Denmark,2021, UEFA Euro
Martin Braithwaite,140,185,75.7,2058,Denmark,2021, UEFA Euro
Simon Kjr,235,264,89.0,5317,Denmark,2021, UEFA Euro
Andreas Christensen,265,291,91.1,5085,Denmark,2021, UEFA Euro
Thomas Delaney,198,251,78.9,3644,Denmark,2021, UEFA Euro
Jannik Vestergaard,221,252,87.7,4558,Denmark,2021, UEFA Euro
Mikkel Damsgaard,92,123,74.8,1550,Denmark,2021, UEFA Euro
Yussuf Poulsen,66,98,67.3,882,Denmark,2021, UEFA Euro
Jens Stryger Larsen,135,189,71.4,2526,Denmark,2021, UEFA Euro
Daniel Wass,168,210,80.0,2772,Denmark,2021, UEFA Euro
Kasper Dolberg,38,49,77.6,474,Denmark,2021, UEFA Euro
Jonas Wind,17,18,94.4,308,Denmark,2021, UEFA Euro
Christian Eriksen,22,30,73.3,451,Denmark,2021, UEFA Euro
Robert Arboleda,213,231,92.2,4599,Ecuador,2021, Copa América
Pervis Estupinan,196,273,71.8,3586,Ecuador,2021, Copa América
Piero Hincapie,205,244,84.0,4442,Ecuador,2021, Copa América
Angelo Preciado,207,263,78.7,3635,Ecuador,2021, Copa América
Jhegson Mendez,262,287,91.3,5081,Ecuador,2021, Copa América
Enner Valencia,45,71,63.4,695,Ecuador,2021, Copa América
Moises Caicedo,169,185,91.4,3275,Ecuador,2021, Copa América
Ayrton Preciado,97,128,75.8,1690,Ecuador,2021, Copa América
Hernan Galindez,33,76,43.4,922,Ecuador,2021, Copa América
Alan Franco,70,83,84.3,1174,Ecuador,2021, Copa América
Angel Mena,142,157,90.4,2277,Ecuador,2021, Copa América
Pedro Ortiz,33,41,80.5,888,Ecuador,2021, Copa América
Leonardo Campana,24,31,77.4,262,Ecuador,2021, Copa América
Diego Palacios,20,26,76.9,316,Ecuador,2021, Copa América
Gonzalo Plata,42,54,77.8,669,Ecuador,2021, Copa América
Jordan Pickford,166,257,64.6,5196,England,2021, UEFA Euro
John Stones,444,469,94.7,9632,England,2021, UEFA Euro
Kalvin Phillips,295,340,86.8,5791,England,2021, UEFA Euro
Harry Kane,116,164,70.7,2027,England,2021, UEFA Euro
Raheem Sterling,168,202,83.2,2264,England,2021, UEFA Euro
Declan Rice,293,316,92.7,5846,England,2021, UEFA Euro
Kyle Walker,346,400,86.5,6847,England,2021, UEFA Euro
Luke Shaw,329,398,82.7,5478,England,2021, UEFA Euro
Harry Maguire,334,367,91.0,7540,England,2021, UEFA Euro
Mason Mount,149,184,81.0,2285,England,2021, UEFA Euro
Kieran Trippier,146,193,75.6,2829,England,2021, UEFA Euro
Bukayo Saka,69,90,76.7,1130,England,2021, UEFA Euro
Tyrone Mings,115,126,91.3,2682,England,2021, UEFA Euro
Phil Foden,63,75,84.0,1133,England,2021, UEFA Euro
Jack Grealish,64,77,83.1,942,England,2021, UEFA Euro
Paulus Arajuuri,80,84,95.2,1542,Finland,2021, UEFA Euro
Lukas Hradecky,65,115,56.5,2280,Finland,2021, UEFA Euro
Glen Kamara,142,159,89.3,2516,Finland,2021, UEFA Euro
Daniel O'Shaughnessy,115,151,76.2,2384,Finland,2021, UEFA Euro
Robin Lod,83,103,80.6,1330,Finland,2021, UEFA Euro
Joona Toivio,90,112,80.4,1851,Finland,2021, UEFA Euro
Jukka Raitala,64,90,71.1,1115,Finland,2021, UEFA Euro
Jere Uronen,82,103,79.6,1380,Finland,2021, UEFA Euro
Joel Pohjanpalo,32,51,62.7,536,Finland,2021, UEFA Euro
Teemu Pukki,30,41,73.2,463,Finland,2021, UEFA Euro
Tim Sparv,60,68,88.2,1186,Finland,2021, UEFA Euro
Rasmus Schuller,41,52,78.8,772,Finland,2021, UEFA Euro
Joni Kauko,24,31,77.4,413,Finland,2021, UEFA Euro
Nikolai Alho,4,7,57.1,47,Finland,2021, UEFA Euro
Lassi Lappalainen,3,5,60.0,26,Finland,2021, UEFA Euro
N'Golo Kante,232,253,91.7,4240,France,2021, UEFA Euro
Presnel Kimpembe,260,276,94.2,5100,France,2021, UEFA Euro
Hugo Lloris,87,108,80.6,2870,France,2021, UEFA Euro
Kylian Mbappe,88,112,78.6,1450,France,2021, UEFA Euro
Raphael Varane,261,278,93.9,6045,France,2021, UEFA Euro
Paul Pogba,245,286,85.7,4531,France,2021, UEFA Euro
Antoine Griezmann,152,189,80.4,3221,France,2021, UEFA Euro
Karim Benzema,121,139,87.1,1797,France,2021, UEFA Euro
Adrien Rabiot,176,202,87.1,2829,France,2021, UEFA Euro
Benjamin Pavard,170,198,85.9,2818,France,2021, UEFA Euro
Lucas Hernandez,70,80,87.5,1097,France,2021, UEFA Euro
Lucas Digne,62,74,83.8,831,France,2021, UEFA Euro
Jules Kounde,41,49,83.7,676,France,2021, UEFA Euro
Corentin Tolisso,59,61,96.7,1160,France,2021, UEFA Euro
Clement Lenglet,39,41,95.1,784,France,2021, UEFA Euro
Joshua Kimmich,222,261,85.1,4085,Germany,2021, UEFA Euro
Toni Kroos,351,390,90.0,7791,Germany,2021, UEFA Euro
Manuel Neuer,120,141,85.1,3314,Germany,2021, UEFA Euro
Antonio Rudiger,276,294,93.9,5602,Germany,2021, UEFA Euro
Matthias Ginter,263,300,87.7,5270,Germany,2021, UEFA Euro
Mats Hummels,297,316,94.0,6719,Germany,2021, UEFA Euro
Robin Gosens,159,190,83.7,2696,Germany,2021, UEFA Euro
Kai Havertz,96,117,82.1,1501,Germany,2021, UEFA Euro
Thomas Muller,113,149,75.8,1727,Germany,2021, UEFA Euro
Serge Gnabry,63,80,78.8,922,Germany,2021, UEFA Euro
Ilkay Gundogan,172,183,94.0,3270,Germany,2021, UEFA Euro
Leon Goretzka,66,72,91.7,1139,Germany,2021, UEFA Euro
Leroy Sane,52,64,81.3,815,Germany,2021, UEFA Euro
Timo Werner,26,34,76.5,367,Germany,2021, UEFA Euro
Emre Can,41,45,91.1,863,Germany,2021, UEFA Euro
Endre Botka,52,82,63.4,897,Hungary,2021, UEFA Euro
Peter Gulacsi,81,102,79.4,1913,Hungary,2021, UEFA Euro
Willi Orban,75,88,85.2,1710,Hungary,2021, UEFA Euro
Attila Szalai,99,129,76.7,2128,Hungary,2021, UEFA Euro
Adam Nagy,90,107,84.1,1568,Hungary,2021, UEFA Euro
Attila Fiola,62,91,68.1,945,Hungary,2021, UEFA Euro
Laszlo Kleinheisler,43,59,72.9,711,Hungary,2021, UEFA Euro
Roland Sallai,33,48,68.8,496,Hungary,2021, UEFA Euro
Andras Schafer,60,68,88.2,908,Hungary,2021, UEFA Euro
Adam Szalai,18,31,58.1,314,Hungary,2021, UEFA Euro
Loic Nego,51,63,81.0,800,Hungary,2021, UEFA Euro
Gergo Lovrencsics,28,43,65.1,643,Hungary,2021, UEFA Euro
Nemanja Nikolic,11,14,78.6,150,Hungary,2021, UEFA Euro
Szabolcs Schon,5,6,83.3,36,Hungary,2021, UEFA Euro
Tamas Cseri,1,1,100.0,11,Hungary,2021, UEFA Euro
Gianluigi Donnarumma,201,243,82.7,4721,Italy,2021, UEFA Euro
Jorginho,487,518,94.0,8249,Italy,2021, UEFA Euro
Leonardo Bonucci,419,476,88.0,10159,Italy,2021, UEFA Euro
Lorenzo Insigne,268,341,78.6,4760,Italy,2021, UEFA Euro
Nicolo Barella,202,239,84.5,3281,Italy,2021, UEFA Euro
Ciro Immobile,102,128,79.7,1469,Italy,2021, UEFA Euro
Giovanni Di Lorenzo,299,345,86.7,5445,Italy,2021, UEFA Euro
Giorgio Chiellini,287,313,91.7,5410,Italy,2021, UEFA Euro
Marco Verratti,398,425,93.6,6696,Italy,2021, UEFA Euro
Federico Chiesa,84,112,75.0,1235,Italy,2021, UEFA Euro
Leonardo Spinazzola,187,216,86.6,2839,Italy,2021, UEFA Euro
Domenico Berardi,103,138,74.6,1725,Italy,2021, UEFA Euro
Emerson Palmieri,134,153,87.6,1943,Italy,2021, UEFA Euro
Manuel Locatelli,123,139,88.5,2334,Italy,2021, UEFA Euro
Francesco Acerbi,160,168,95.2,3085,Italy,2021, UEFA Euro
Maarten Stekelenburg,94,141,66.7,3212,Netherlands,2021, UEFA Euro
Georginio Wijnaldum,108,125,86.4,1794,Netherlands,2021, UEFA Euro
Frenkie de Jong,237,269,88.1,4118,Netherlands,2021, UEFA Euro
Memphis Depay,123,176,69.9,1962,Netherlands,2021, UEFA Euro
Denzel Dumfries,95,129,73.6,1614,Netherlands,2021, UEFA Euro
Stefan de Vrij,165,178,92.7,3858,Netherlands,2021, UEFA Euro
Patrick van Aanholt,140,178,78.7,2367,Netherlands,2021, UEFA Euro
Daley Blind,278,309,90.0,5260,Netherlands,2021, UEFA Euro
Marten de Roon,127,153,83.0,2350,Netherlands,2021, UEFA Euro
Matthijs de Ligt,119,127,93.7,2687,Netherlands,2021, UEFA Euro
Wout Weghorst,36,53,67.9,447,Netherlands,2021, UEFA Euro
Donyell Malen,46,55,83.6,630,Netherlands,2021, UEFA Euro
Jurrien Timber,103,109,94.5,1879,Netherlands,2021, UEFA Euro
Ryan Gravenberch,85,95,89.5,1327,Netherlands,2021, UEFA Euro
Quincy Promes,31,41,75.6,461,Netherlands,2021, UEFA Euro
Ezgjan Alioski,125,169,74.0,2305,North,2021, UEFA Euro
Stole Dimitrievski,74,98,75.5,2652,North,2021, UEFA Euro
Elif Elmas,94,106,88.7,1672,North,2021, UEFA Euro
Stefan Ristovski,125,162,77.2,2328,North,2021, UEFA Euro
Visar Musliu,99,110,90.0,2000,North,2021, UEFA Euro
Darko Velkovski,101,118,85.6,2326,North,2021, UEFA Euro
Arijan Ademi,83,93,89.2,1300,North,2021, UEFA Euro
Goran Pandev,43,62,69.4,705,North,2021, UEFA Euro
Enis Bardhi,95,118,80.5,1977,North,2021, UEFA Euro
Aleksandar Trajkovski,53,63,84.1,887,North,2021, UEFA Euro
Boban Nikolov,27,36,75.0,466,North,2021, UEFA Euro
Ivan Trickovski,14,17,82.4,244,North,2021, UEFA Euro
Stefan Spirovski,11,13,84.6,186,North,2021, UEFA Euro
Darko Churlinov,12,16,75.0,185,North,2021, UEFA Euro
Tihomir Kostadinov,13,17,76.5,213,North,2021, UEFA Euro
Junior Alonso,281,309,90.9,6400,Paraguay,2021, Copa América
Antony Silva,80,105,76.2,2457,Paraguay,2021, Copa América
Alberto Espinola,207,250,82.8,3910,Paraguay,2021, Copa América
Angel Romero,140,208,67.3,2351,Paraguay,2021, Copa América
Santiago Arzamendia,158,192,82.3,2594,Paraguay,2021, Copa América
Gustavo Gomez,157,170,92.4,3419,Paraguay,2021, Copa América
Mathias Villasanti,102,116,87.9,1688,Paraguay,2021, Copa América
Miguel Almiron,150,169,88.8,2676,Paraguay,2021, Copa América
Gabriel Avalos,28,49,57.1,453,Paraguay,2021, Copa América
Hector David Martinez,87,121,71.9,1594,Paraguay,2021, Copa América
Carlos Gonzalez Espinola,35,54,64.8,511,Paraguay,2021, Copa América
Braian Samudio,37,58,63.8,664,Paraguay,2021, Copa América
Robert Piris Da Motta,75,86,87.2,1514,Paraguay,2021, Copa América
Angel Cardozo,88,102,86.3,1747,Paraguay,2021, Copa América
Kaku,105,123,85.4,1939,Paraguay,2021, Copa América
Pedro Gallese,105,188,55.9,3502,Peru,2021, Copa América
Yoshimar Yotun,434,492,88.2,8054,Peru,2021, Copa América
Gianluca Lapadula,73,95,76.8,1042,Peru,2021, Copa América
Aldo Corzo,202,248,81.5,3035,Peru,2021, Copa América
Christian Cueva,224,292,76.7,3420,Peru,2021, Copa América
Renato Tapia,248,293,84.6,4972,Peru,2021, Copa América
Sergio Pena,239,297,80.5,4200,Peru,2021, Copa América
Andre Carrillo,191,233,82.0,3450,Peru,2021, Copa América
Christian Ramos,121,139,87.1,2496,Peru,2021, Copa América
Alexander Callens,136,154,88.3,2657,Peru,2021, Copa América
Miguel Trauco,131,171,76.6,2156,Peru,2021, Copa América
Marcos Lopez,142,160,88.8,2390,Peru,2021, Copa América
Anderson Santamaria,101,111,91.0,2152,Peru,2021, Copa América
Luis Abram,81,87,93.1,1782,Peru,2021, Copa América
Miguel Araujo,63,67,94.0,1350,Peru,2021, Copa América
Bartosz Bereszynski,166,206,80.6,3197,Poland,2021, UEFA Euro
Kamil Glik,120,141,85.1,2660,Poland,2021, UEFA Euro
Robert Lewandowski,46,68,67.6,790,Poland,2021, UEFA Euro
Wojciech Szczesny,39,66,59.1,1470,Poland,2021, UEFA Euro
Jan Bednarek,145,158,91.8,3498,Poland,2021, UEFA Euro
Piotr Zielinski,100,135,74.1,1635,Poland,2021, UEFA Euro
Kamil Jozwiak,104,134,77.6,1487,Poland,2021, UEFA Euro
Mateusz Klich,83,119,69.7,1261,Poland,2021, UEFA Euro
Karol Swiderski,19,32,59.4,346,Poland,2021, UEFA Euro
Tymoteusz Puchacz,32,58,55.2,573,Poland,2021, UEFA Euro
Grzegorz Krychowiak,64,84,76.2,1133,Poland,2021, UEFA Euro
Jakub Moder,14,23,60.9,384,Poland,2021, UEFA Euro
Karol Linetty,26,33,78.8,425,Poland,2021, UEFA Euro
Maciej Rybus,36,45,80.0,662,Poland,2021, UEFA Euro
Przemysaw Frankowski,41,49,83.7,680,Poland,2021, UEFA Euro
Ruben Dias,286,307,93.2,6756,Portugal,2021, UEFA Euro
Raphael Guerreiro,245,275,89.1,3961,Portugal,2021, UEFA Euro
Rui Patricio,83,102,81.4,1874,Portugal,2021, UEFA Euro
Pepe,248,277,89.5,5713,Portugal,2021, UEFA Euro
Cristiano Ronaldo,109,130,83.8,1532,Portugal,2021, UEFA Euro
Diogo Jota,88,107,82.2,1399,Portugal,2021, UEFA Euro
Bernardo Silva,91,110,82.7,1575,Portugal,2021, UEFA Euro
Nelson Semedo,141,169,83.4,2306,Portugal,2021, UEFA Euro
Danilo Pereira,121,130,93.1,2612,Portugal,2021, UEFA Euro
Renato Sanches,178,194,91.8,3340,Portugal,2021, UEFA Euro
Bruno Fernandes,79,105,75.2,1783,Portugal,2021, UEFA Euro
Joao Moutinho,98,111,88.3,1845,Portugal,2021, UEFA Euro
William Carvalho,82,92,89.1,1646,Portugal,2021, UEFA Euro
Joao Palhinha,49,55,89.1,1039,Portugal,2021, UEFA Euro
Diogo Dalot,67,78,85.9,1253,Portugal,2021, UEFA Euro
Georgi Dzhikiya,110,132,83.3,2252,Russia,2021, UEFA Euro
Aleksandr Golovin,100,130,76.9,1848,Russia,2021, UEFA Euro
Artem Dzyuba,50,82,61.0,605,Russia,2021, UEFA Euro
Roman Zobnin,85,110,77.3,1623,Russia,2021, UEFA Euro
Magomed Ozdoyev,73,97,75.3,1468,Russia,2021, UEFA Euro
Mario Fernandes,59,76,77.6,1024,Russia,2021, UEFA Euro
Daler Kuzyaev,85,100,85.0,1492,Russia,2021, UEFA Euro
Igor Diveev,95,117,81.2,2578,Russia,2021, UEFA Euro
Matvei Safonov,37,52,71.2,1688,Russia,2021, UEFA Euro
Aleksei Miranchuk,46,59,78.0,738,Russia,2021, UEFA Euro
Dmitri Barinov,82,104,78.8,1586,Russia,2021, UEFA Euro
Andrei Semyonov,44,54,81.5,995,Russia,2021, UEFA Euro
Anton Shunin,16,28,57.1,630,Russia,2021, UEFA Euro
Fyodor Kudryashov,17,24,70.8,301,Russia,2021, UEFA Euro
Yuri Zhirkov,14,18,77.8,279,Russia,2021, UEFA Euro
David Marshall,68,115,59.1,2763,Scotland,2021, UEFA Euro
John McGinn,68,83,81.9,1264,Scotland,2021, UEFA Euro
Scott McTominay,106,120,88.3,2049,Scotland,2021, UEFA Euro
Andrew Robertson,118,164,72.0,2548,Scotland,2021, UEFA Euro
Lyndon Dykes,24,53,45.3,371,Scotland,2021, UEFA Euro
Stephen O'Donnell,74,109,67.9,1664,Scotland,2021, UEFA Euro
Grant Hanley,82,88,93.2,1584,Scotland,2021, UEFA Euro
Che Adams,42,52,80.8,774,Scotland,2021, UEFA Euro
Callum McGregor,84,90,93.3,1581,Scotland,2021, UEFA Euro
Kieran Tierney,70,88,79.5,1842,Scotland,2021, UEFA Euro
Stuart Armstrong,48,60,80.0,920,Scotland,2021, UEFA Euro
Liam Cooper,63,77,81.8,1526,Scotland,2021, UEFA Euro
Billy Gilmour,40,45,88.9,713,Scotland,2021, UEFA Euro
Jack Hendry,18,22,81.8,398,Scotland,2021, UEFA Euro
Ryan Christie,9,11,81.8,154,Scotland,2021, UEFA Euro
Martin Dubravka,80,120,66.7,2316,Slovakia,2021, UEFA Euro
Juraj Kucka,85,108,78.7,1604,Slovakia,2021, UEFA Euro
Lubomir Satka,180,189,95.2,3930,Slovakia,2021, UEFA Euro
Milan Skriniar,150,165,90.9,3125,Slovakia,2021, UEFA Euro
Tomas Hubocan,107,129,82.9,1909,Slovakia,2021, UEFA Euro
Marek Hamsik,127,151,84.1,2811,Slovakia,2021, UEFA Euro
Peter Pekarik,136,156,87.2,2373,Slovakia,2021, UEFA Euro
Robert Mak,52,65,80.0,847,Slovakia,2021, UEFA Euro
Ondrej Duda,71,88,80.7,1404,Slovakia,2021, UEFA Euro
Lukas Haraslin,30,38,78.9,505,Slovakia,2021, UEFA Euro
Jakub Hromada,30,38,78.9,440,Slovakia,2021, UEFA Euro
Martin Koscelnik,33,42,78.6,644,Slovakia,2021, UEFA Euro
Patrik Hrosovsky,47,53,88.7,908,Slovakia,2021, UEFA Euro
Michal Duris,13,13,100.0,205,Slovakia,2021, UEFA Euro
Stanislav Lobotka,22,23,95.7,428,Slovakia,2021, UEFA Euro
Aymeric Laporte,637,673,94.7,14612,Spain,2021, UEFA Euro
Unai Simon,208,225,92.4,4801,Spain,2021, UEFA Euro
Pedri,429,467,91.9,8326,Spain,2021, UEFA Euro
Koke,395,450,87.8,7335,Spain,2021, UEFA Euro
Jordi Alba,504,589,85.6,8597,Spain,2021, UEFA Euro
Alvaro Morata,118,142,83.1,1899,Spain,2021, UEFA Euro
Cesar Azpilicueta,279,318,87.7,5016,Spain,2021, UEFA Euro
Sergio Busquets,293,321,91.3,5555,Spain,2021, UEFA Euro
Ferran Torres,118,151,78.1,1798,Spain,2021, UEFA Euro
Dani Olmo,144,198,72.7,2253,Spain,2021, UEFA Euro
Pau Torres,407,432,94.2,8909,Spain,2021, UEFA Euro
Pablo Sarabia,116,152,76.3,1732,Spain,2021, UEFA Euro
Eric Garcia,277,288,96.2,6080,Spain,2021, UEFA Euro
Gerard Moreno,94,126,74.6,1386,Spain,2021, UEFA Euro
Marcos Llorente,241,266,90.6,3790,Spain,2021, UEFA Euro
Victor Lindelof,190,215,88.4,4070,Sweden,2021, UEFA Euro
Robin Olsen,54,124,43.5,1870,Sweden,2021, UEFA Euro
Albin Ekdal,119,136,87.5,2086,Sweden,2021, UEFA Euro
Emil Forsberg,119,147,81.0,2074,Sweden,2021, UEFA Euro
Marcus Danielsson,130,151,86.1,2687,Sweden,2021, UEFA Euro
Seb Larsson,100,139,71.9,1897,Sweden,2021, UEFA Euro
Ludwig Augustinsson,81,128,63.3,1439,Sweden,2021, UEFA Euro
Kristoffer Olsson,134,152,88.2,2531,Sweden,2021, UEFA Euro
Alexander Isak,51,69,73.9,823,Sweden,2021, UEFA Euro
Mikael Lustig,122,169,72.2,2502,Sweden,2021, UEFA Euro
Marcus Berg,25,42,59.5,310,Sweden,2021, UEFA Euro
Dejan Kulusevski,35,43,81.4,455,Sweden,2021, UEFA Euro
Robin Quaison,8,15,53.3,101,Sweden,2021, UEFA Euro
Viktor Claesson,13,21,61.9,262,Sweden,2021, UEFA Euro
Emil Krafth,17,29,58.6,362,Sweden,2021, UEFA Euro
Manuel Akanji,261,287,90.9,5381,Switzerland,2021, UEFA Euro
Nico Elvedi,216,240,90.0,4070,Switzerland,2021, UEFA Euro
Yann Sommer,137,177,77.4,4108,Switzerland,2021, UEFA Euro
Ricardo Rodriguez,225,280,80.4,4498,Switzerland,2021, UEFA Euro
Remo Freuler,224,249,90.0,3899,Switzerland,2021, UEFA Euro
Haris Seferovic,67,93,72.0,915,Switzerland,2021, UEFA Euro
Xherdan Shaqiri,120,166,72.3,2592,Switzerland,2021, UEFA Euro
Breel Embolo,87,110,79.1,1361,Switzerland,2021, UEFA Euro
Granit Xhaka,285,315,90.5,5428,Switzerland,2021, UEFA Euro
Silvan Widmer,128,158,81.0,1999,Switzerland,2021, UEFA Euro
Steven Zuber,97,125,77.6,1493,Switzerland,2021, UEFA Euro
Kevin Mbabu,68,100,68.0,1398,Switzerland,2021, UEFA Euro
Fabian Schar,111,128,86.7,2575,Switzerland,2021, UEFA Euro
Denis Zakaria,22,28,78.6,344,Switzerland,2021, UEFA Euro
Ruben Vargas,45,59,76.3,689,Switzerland,2021, UEFA Euro
Ugurcan Cakr,70,103,68.0,2263,Turkey,2021, UEFA Euro
Zeki Celik,133,163,81.6,2294,Turkey,2021, UEFA Euro
Caglar Soyuncu,162,175,92.6,3323,Turkey,2021, UEFA Euro
Burak Ylmaz,44,60,73.3,579,Turkey,2021, UEFA Euro
Hakan Calhanoglu,120,156,76.9,2276,Turkey,2021, UEFA Euro
Ozan Tufan,73,80,91.3,1301,Turkey,2021, UEFA Euro
Merih Demiral,123,138,89.1,2276,Turkey,2021, UEFA Euro
Cengiz Under,55,71,77.5,1025,Turkey,2021, UEFA Euro
Kaan Ayhan,117,126,92.9,2346,Turkey,2021, UEFA Euro
Umut Meras,61,72,84.7,1045,Turkey,2021, UEFA Euro
Kenan Karaman,25,41,61.0,296,Turkey,2021, UEFA Euro
Okay Yokuslu,63,70,90.0,1201,Turkey,2021, UEFA Euro
Yusuf Yazc,54,60,90.0,1046,Turkey,2021, UEFA Euro
Irfan Kahveci,54,67,80.6,868,Turkey,2021, UEFA Euro
Mert Muldur,46,59,78.0,758,Turkey,2021, UEFA Euro
Heorhiy Bushchan,103,145,71.0,3042,Ukraine,2021, UEFA Euro
Oleksandr Karavayev,242,290,83.4,4364,Ukraine,2021, UEFA Euro
Mykola Matviyenko,350,379,92.3,7082,Ukraine,2021, UEFA Euro
Illia Zabarnyi,289,314,92.0,5976,Ukraine,2021, UEFA Euro
Oleksandr Zinchenko,242,292,82.9,3914,Ukraine,2021, UEFA Euro
Andriy Yarmolenko,118,162,72.8,1869,Ukraine,2021, UEFA Euro
Roman Yaremchuk,97,115,84.3,1335,Ukraine,2021, UEFA Euro
Serhiy Sydorchuk,166,191,86.9,3012,Ukraine,2021, UEFA Euro
Vitaliy Mykolenko,178,212,84.0,3080,Ukraine,2021, UEFA Euro
Mykola Shaparenko,202,224,90.2,3508,Ukraine,2021, UEFA Euro
Ruslan Malinovskyi,100,125,80.0,2031,Ukraine,2021, UEFA Euro
Taras Stepanenko,79,98,80.6,1338,Ukraine,2021, UEFA Euro
Serhiy Kryvtsov,98,102,96.1,2334,Ukraine,2021, UEFA Euro
Oleksandr Zubkov,4,4,100.0,70,Ukraine,2021, UEFA Euro
Viktor Tsyhankov,58,76,76.3,840,Ukraine,2021, UEFA Euro
Jose Maria Gimenez,253,273,92.7,5396,Uruguay,2021, Copa América
Fernando Muslera,88,121,72.7,2643,Uruguay,2021, Copa América
Matias Vina,192,225,85.3,2972,Uruguay,2021, Copa América
Edinson Cavani,123,151,81.5,2109,Uruguay,2021, Copa América
Federico Valverde,202,244,82.8,4370,Uruguay,2021, Copa América
Diego Godin,256,276,92.8,5453,Uruguay,2021, Copa América
Luis Suarez,61,97,62.9,921,Uruguay,2021, Copa América
Matias Vecino,228,259,88.0,4221,Uruguay,2021, Copa América
Giorgian De Arrascaeta,122,169,72.2,2258,Uruguay,2021, Copa América
Nicolas De La Cruz,124,147,84.4,1832,Uruguay,2021, Copa América
Nahitan Nandez,160,208,76.9,2733,Uruguay,2021, Copa América
Rodrigo Bentancur,129,151,85.4,2147,Uruguay,2021, Copa América
Giovanni Gonzalez,56,70,80.0,978,Uruguay,2021, Copa América
Lucas Torreira,66,69,95.7,1199,Uruguay,2021, Copa América
Facundo Torres,41,60,68.3,803,Uruguay,2021, Copa América
Luis Mago,101,124,81.5,2166,Venezuela,2021, Copa América
Junior Moreno,163,188,86.7,3286,Venezuela,2021, Copa América
Cristian Casseres Jr.,56,95,58.9,935,Venezuela,2021, Copa América
Alexander Gonzalez,78,117,66.7,1349,Venezuela,2021, Copa América
Jose Andres Martinez,70,101,69.3,1169,Venezuela,2021, Copa América
Wuilker Farinez,63,96,65.6,1900,Venezuela,2021, Copa América
Adrian Martinez,73,87,83.9,1427,Venezuela,2021, Copa América
Yohan Cumana,40,54,74.1,659,Venezuela,2021, Copa América
Fernando Aristeguieta,34,46,73.9,408,Venezuela,2021, Copa América
Francisco La Mantia,52,61,85.2,1141,Venezuela,2021, Copa América
Edson Castillo,51,68,75.0,893,Venezuela,2021, Copa América
Bernaldo Manzano,64,70,91.4,1436,Venezuela,2021, Copa América
Sergio Cordova,26,34,76.5,364,Venezuela,2021, Copa América
Ronald Hernandez,38,52,73.1,670,Venezuela,2021, Copa América
Nahuel Ferraresi,49,55,89.1,998,Venezuela,2021, Copa América
Joe Rodon,102,117,87.2,2316,Wales,2021, UEFA Euro
Danny Ward,78,125,62.4,3008,Wales,2021, UEFA Euro
Gareth Bale,67,102,65.7,1712,Wales,2021, UEFA Euro
Aaron Ramsey,118,154,76.6,2373,Wales,2021, UEFA Euro
Joe Allen,113,131,86.3,2125,Wales,2021, UEFA Euro
Daniel James,53,72,73.6,1124,Wales,2021, UEFA Euro
Connor Roberts,97,120,80.8,1925,Wales,2021, UEFA Euro
Joe Morrell,106,121,87.6,2111,Wales,2021, UEFA Euro
Kieffer Moore,32,53,60.4,465,Wales,2021, UEFA Euro
Ben Davies,86,120,71.7,1642,Wales,2021, UEFA Euro
Chris Mepham,77,87,88.5,1873,Wales,2021, UEFA Euro
Neco Williams,61,74,82.4,1188,Wales,2021, UEFA Euro
Chris Gunter,25,30,83.3,494,Wales,2021, UEFA Euro
Ethan Ampadu,27,31,87.1,556,Wales,2021, UEFA Euro
Harry Wilson,15,17,88.2,209,Wales,2021, UEFA Euro
